/*
Navicat MySQL Data Transfer

Source Server         : sima
Source Server Version : 50714
Source Host           : localhost:3306
Source Database       : j1_data

Target Server Type    : MYSQL
Target Server Version : 50714
File Encoding         : 65001

Date: 2018-12-29 11:54:56
*/

SET FOREIGN_KEY_CHECKS=0;

-- ----------------------------
-- Table structure for car_data
-- ----------------------------
DROP TABLE IF EXISTS `car_data`;
CREATE TABLE `car_data` (
  `guid` int(11) unsigned DEFAULT NULL,
  `user` varchar(255) DEFAULT NULL,
  `qty` int(11) DEFAULT NULL,
  `settime` timestamp NULL DEFAULT CURRENT_TIMESTAMP ON UPDATE CURRENT_TIMESTAMP
) ENGINE=MyISAM DEFAULT CHARSET=utf8;

-- ----------------------------
-- Records of car_data
-- ----------------------------
INSERT INTO `car_data` VALUES ('39', 'guanyu@163.com', '4', '2018-12-29 10:13:09');
INSERT INTO `car_data` VALUES ('1', 'guanyu@163.com', '4', '2018-12-29 10:12:51');
INSERT INTO `car_data` VALUES ('29', 'guanyu@163.com', '4', '2018-12-29 10:12:59');
INSERT INTO `car_data` VALUES ('2', 'lifeng@163.com', '6', '2018-12-29 10:36:22');
INSERT INTO `car_data` VALUES ('33', 'lifeng@163.com', '4', '2018-12-29 10:35:40');
INSERT INTO `car_data` VALUES ('15', 'lifeng@163.com', '4', '2018-12-29 10:35:55');
INSERT INTO `car_data` VALUES ('48', 'lifeng@163.com', '3', '2018-12-29 10:36:16');
INSERT INTO `car_data` VALUES ('6', 'lifeng@163.com', '2', '2018-12-29 10:36:20');
INSERT INTO `car_data` VALUES ('1', 'lifeng@163.com', '2', '2018-12-29 10:36:21');
INSERT INTO `car_data` VALUES ('47', 'lifeng@163.com', '2', '2018-12-29 10:36:22');
INSERT INTO `car_data` VALUES ('48', 'fengxian@163.com', '8', '2018-12-29 10:45:26');

-- ----------------------------
-- Table structure for data_j1
-- ----------------------------
DROP TABLE IF EXISTS `data_j1`;
CREATE TABLE `data_j1` (
  `guid` int(11) unsigned NOT NULL AUTO_INCREMENT,
  `imgurl` varchar(255) NOT NULL,
  `title` varchar(255) NOT NULL,
  `jieshao` varchar(255) NOT NULL,
  `progg` varchar(255) NOT NULL,
  `schancj` varchar(255) NOT NULL,
  `price` float(10,2) NOT NULL,
  `pj` int(255) NOT NULL,
  `xl` int(255) NOT NULL,
  `hpd` int(255) NOT NULL,
  `settime` timestamp NOT NULL DEFAULT CURRENT_TIMESTAMP ON UPDATE CURRENT_TIMESTAMP,
  PRIMARY KEY (`guid`)
) ENGINE=MyISAM AUTO_INCREMENT=51 DEFAULT CHARSET=utf8;

-- ----------------------------
-- Records of data_j1
-- ----------------------------
INSERT INTO `data_j1` VALUES ('1', 'img/03-00020.jpg', '汤臣倍健 蛋白粉（蛋白质粉）450g 蛋白粉', '增强免疫力 更关心家人', '450G', '汤臣倍健股份有限公司', '398.00', '461', '4725', '97', '2018-12-24 09:34:02');
INSERT INTO `data_j1` VALUES ('2', 'img/03-00182.jpg', 'DF 康恩贝 高山铁皮石斛西洋参颗粒（无糖）3g*60袋', '增强免疫力 当日订单隔日发货/周日及节假日均不发货/周六订单周一发货', '3g*60袋', '浙江济公缘药业有限公司', '809.10', '67', '3677', '100', '2018-12-24 09:34:02');
INSERT INTO `data_j1` VALUES ('3', 'img/03-00481.jpg', '脑白金 胶囊/口服液(礼盒)0.25g*30s+250ml*3瓶 脑白金胶囊/口服液(礼盒)', '精美包装 高档 大气 送礼上档次', '0.25g*30s+250ml*3瓶', '无锡健特药业有限公司', '388.00', '975', '57946', '99', '2018-12-24 09:34:02');
INSERT INTO `data_j1` VALUES ('4', 'img/03-00663.jpg', 'DF 碧生源 维生素C咀嚼片（香橙味） 1.2g/片*100片', '当日订单隔日发货/周日及节假日均不发货/周五、周六订单周一发货\n送碧生源水杯1个', '1.2g/片*100片', '北京品茶在线电子商务有限公司', '39.90', '2', '168', '100', '2018-12-24 09:34:02');
INSERT INTO `data_j1` VALUES ('5', 'img/03-00734.jpg', '养生堂 天然维生素E软胶囊100粒+天然VC 70片 礼盒装', '养生堂 天然维生素E软胶囊100粒+天然VC 70片 礼盒装', '0.25g*100粒/盒+0.85g*70片/盒', '杭州养生堂保健品有限公司', '218.00', '53', '357', '100', '2018-12-24 09:34:02');
INSERT INTO `data_j1` VALUES ('6', 'img/03-00737.jpg', '汤臣倍健 清好 清畅胶囊', '改善胃肠道功能（润肠通便）', '60粒', '广东汤臣倍健生物科技股份有限公司', '138.00', '112', '12072', '96', '2018-12-24 09:34:02');
INSERT INTO `data_j1` VALUES ('7', 'img/03-00804.jpg', 'DF Swisse 蔓越莓饮料 300毫升', '当日订单隔日发货/周日及节假日均不发货/周五、周六订单周一发货\n买一件送蔓越莓泡腾片60粒一盒', '300毫升', '诗薇仕（广州）健康产品贸易有限公司', '299.00', '4', '100', '100', '2018-12-24 09:34:02');
INSERT INTO `data_j1` VALUES ('8', 'img/05-00088.jpg', 'DF Lumi MP5000胶原蛋白液态饮 50ml*45瓶 胶原蛋白', '当日订单隔日发货/周日及节假日均不发货/周五、周六订单周一发货', '50ml*45瓶', '中国台湾', '899.00', '30', '339', '90', '2018-12-24 09:34:02');
INSERT INTO `data_j1` VALUES ('9', 'img/10208.jpg', '汤臣倍健 雄纠纠 益康胶囊', '缓解体力疲劳', '90粒', '广东汤臣倍健生物科技股份有限公司', '228.00', '75', '62229', '95', '2018-12-24 09:34:02');
INSERT INTO `data_j1` VALUES ('10', 'img/17809.jpg', '椰岛牌 鹿龟酒 600ml', '本品具有抗疲劳、免疫调节的保健功能', '600ml', '海南椰岛', '299.00', '0', '16', '0', '2018-12-24 09:34:02');
INSERT INTO `data_j1` VALUES ('11', 'img/17825.jpg', '拉摩力拉 玛卡片组合装 60片 两瓶组', '缓解体力疲劳', '60片*2', '赫塞尔公司', '329.00', '24', '330', '96', '2018-12-24 09:34:02');
INSERT INTO `data_j1` VALUES ('12', 'img/18801.jpg', 'DF 康比特 健肌粉二代固体饮料2.27kg', '巧克力或香草口味随机发放，指定口味在备注写明！当日订单隔日发/周日及节假日均不发货/周五、周六订单周一发货\n康比特品牌满100送摇摇杯和阿迪达斯便携洗发露', '2.27kg', '北京康比特体育科技股份有限公司', '499.00', '45', '254739', '91', '2018-12-24 09:34:02');
INSERT INTO `data_j1` VALUES ('13', 'img/19076.jpg', 'DF Swisse 深海鱼油胶囊1000毫克400粒', '当日订单隔日发货/周日及节假日均不发货/周五、周六订单周一发货\n买一件送蔓越莓泡腾片60粒一盒', '560克（1.4克x400粒）', '诗薇仕（广州）健康产品贸易有限公司', '388.00', '3', '174', '100', '2018-12-24 09:34:02');
INSERT INTO `data_j1` VALUES ('14', 'img/19275.jpg', '汤臣倍健 鱼油软胶囊100粒+汤臣倍健大豆磷脂软胶囊100粒 鱼油软胶囊', '进口原料 鱼油卵磷脂组合 辅助降血脂', '100粒装*2', '广东汤臣倍健生物科技股份有限公司', '159.00', '200', '1749', '99', '2018-12-24 09:34:02');
INSERT INTO `data_j1` VALUES ('15', 'img/21222.jpg', 'DF 禾博士 鳕鱼肝油软胶囊0.5g*30粒*3盒装 鳕鱼肝油', '保健功能：增强免疫力 当日订单隔日发货/周日及节假日均不发货/周六订单周一发货', '0.5g*30粒*3', '广东仙乐制药有限公司', '204.00', '3', '133', '67', '2018-12-24 09:34:02');
INSERT INTO `data_j1` VALUES ('16', 'img/21263.jpg', 'DF 麦金利 鱼油软胶囊 1g/粒*100粒*3瓶套餐', '当日订单隔日发货/周日及节假日均不发货/周五、周六订单周一发货', '1g/粒*100粒*3瓶', '杭州慧致源科技有限公司', '149.00', '0', '8', '0', '2018-12-24 09:34:02');
INSERT INTO `data_j1` VALUES ('17', 'img/23285.jpg', '神象 精装西洋参片 双盒装50克+5g', '补气养阴，清热生津。', '双盒装50g+5g（神象）', '上海雷允上药业有限公司', '129.00', '208', '2344', '99', '2018-12-24 09:34:02');
INSERT INTO `data_j1` VALUES ('18', 'img/23817.jpg', '同仁堂 红参 切片130g', '大补元气，复脉固脱，益气摄血', '130g', '北京同仁堂吉林人参有限责任公司', '299.00', '39', '359', '100', '2018-12-24 09:34:02');
INSERT INTO `data_j1` VALUES ('19', 'img/A3300167.jpg', '云南盘龙 三七粉200g/瓶', '散瘀止血，消肿定痛。用于咯血，吐血，衄血，便血，崩漏，外伤出血，胸腹刺痛，跌扑肿痛。', '200g/瓶', '云南盘龙云海药业有限公司', '558.00', '73', '611', '100', '2018-12-24 09:34:02');
INSERT INTO `data_j1` VALUES ('20', 'img/A3300321.jpg', '铭德堂 冬虫夏草 T27(10g)', '铭德堂 冬虫夏草 T27(10g)', 'T27(10g)', '上海虹桥中药饮片有限公司', '4880.00', '0', '537', '0', '2018-12-24 09:34:02');
INSERT INTO `data_j1` VALUES ('21', 'img/03-00020.jpg', '汤臣倍健 蛋白粉（蛋白质粉）450g 蛋白粉', '增强免疫力 更关心家人', '450G', '汤臣倍健股份有限公司', '4881.00', '1', '538', '1', '2018-12-24 09:34:02');
INSERT INTO `data_j1` VALUES ('22', 'img/03-00182.jpg', 'DF 康恩贝 高山铁皮石斛西洋参颗粒（无糖）3g*60袋', '增强免疫力 当日订单隔日发货/周日及节假日均不发货/周六订单周一发货', '3g*60袋', '浙江济公缘药业有限公司', '4882.00', '2', '539', '2', '2018-12-24 09:34:02');
INSERT INTO `data_j1` VALUES ('23', 'img/03-00481.jpg', '脑白金 胶囊/口服液(礼盒)0.25g*30s+250ml*3瓶 脑白金胶囊/口服液(礼盒)', '精美包装 高档 大气 送礼上档次', '0.25g*30s+250ml*3瓶', '无锡健特药业有限公司', '4883.00', '3', '540', '3', '2018-12-24 09:34:02');
INSERT INTO `data_j1` VALUES ('24', 'img/03-00663.jpg', 'DF 碧生源 维生素C咀嚼片（香橙味） 1.2g/片*100片', '当日订单隔日发货/周日及节假日均不发货/周五、周六订单周一发货\n送碧生源水杯1个', '1.2g/片*100片', '北京品茶在线电子商务有限公司', '4884.00', '4', '541', '4', '2018-12-24 09:34:02');
INSERT INTO `data_j1` VALUES ('25', 'img/03-00734.jpg', '养生堂 天然维生素E软胶囊100粒+天然VC 70片 礼盒装', '养生堂 天然维生素E软胶囊100粒+天然VC 70片 礼盒装', '0.25g*100粒/盒+0.85g*70片/盒', '杭州养生堂保健品有限公司', '4885.00', '5', '542', '5', '2018-12-24 09:34:02');
INSERT INTO `data_j1` VALUES ('26', 'img/03-00737.jpg', '汤臣倍健 清好 清畅胶囊', '改善胃肠道功能（润肠通便）', '60粒', '广东汤臣倍健生物科技股份有限公司', '4886.00', '6', '543', '6', '2018-12-24 09:34:02');
INSERT INTO `data_j1` VALUES ('27', 'img/03-00804.jpg', 'DF Swisse 蔓越莓饮料 300毫升', '当日订单隔日发货/周日及节假日均不发货/周五、周六订单周一发货\n买一件送蔓越莓泡腾片60粒一盒', '300毫升', '诗薇仕（广州）健康产品贸易有限公司', '4887.00', '7', '544', '7', '2018-12-24 09:34:02');
INSERT INTO `data_j1` VALUES ('28', 'img/05-00088.jpg', 'DF Lumi MP5000胶原蛋白液态饮 50ml*45瓶 胶原蛋白', '当日订单隔日发货/周日及节假日均不发货/周五、周六订单周一发货', '50ml*45瓶', '中国台湾', '4888.00', '8', '545', '8', '2018-12-24 09:34:02');
INSERT INTO `data_j1` VALUES ('29', 'img/10208.jpg', '汤臣倍健 雄纠纠 益康胶囊', '缓解体力疲劳', '90粒', '广东汤臣倍健生物科技股份有限公司', '4889.00', '9', '546', '9', '2018-12-24 09:34:02');
INSERT INTO `data_j1` VALUES ('30', 'img/17809.jpg', '椰岛牌 鹿龟酒 600ml', '本品具有抗疲劳、免疫调节的保健功能', '600ml', '海南椰岛', '4890.00', '10', '547', '10', '2018-12-24 09:34:02');
INSERT INTO `data_j1` VALUES ('31', 'img/17809.jpg', '拉摩力拉 玛卡片组合装 60片 两瓶组', '缓解体力疲劳', '60片*2', '赫塞尔公司', '4891.00', '11', '548', '11', '2018-12-25 11:18:14');
INSERT INTO `data_j1` VALUES ('32', 'img/18801.jpg', 'DF 康比特 健肌粉二代固体饮料2.27kg', '巧克力或香草口味随机发放，指定口味在备注写明！当日订单隔日发/周日及节假日均不发货/周五、周六订单周一发货\n康比特品牌满100送摇摇杯和阿迪达斯便携洗发露', '2.27kg', '北京康比特体育科技股份有限公司', '4892.00', '12', '549', '12', '2018-12-24 09:34:02');
INSERT INTO `data_j1` VALUES ('33', 'img/19076.jpg', 'DF Swisse 深海鱼油胶囊1000毫克400粒', '当日订单隔日发货/周日及节假日均不发货/周五、周六订单周一发货\n买一件送蔓越莓泡腾片60粒一盒', '560克（1.4克x400粒）', '诗薇仕（广州）健康产品贸易有限公司', '4893.00', '13', '550', '13', '2018-12-24 09:34:02');
INSERT INTO `data_j1` VALUES ('34', 'img/19275.jpg', '汤臣倍健 鱼油软胶囊100粒+汤臣倍健大豆磷脂软胶囊100粒 鱼油软胶囊', '进口原料 鱼油卵磷脂组合 辅助降血脂', '100粒装*2', '广东汤臣倍健生物科技股份有限公司', '4894.00', '14', '551', '14', '2018-12-24 09:34:02');
INSERT INTO `data_j1` VALUES ('35', 'img/21222.jpg', 'DF 禾博士 鳕鱼肝油软胶囊0.5g*30粒*3盒装 鳕鱼肝油', '保健功能：增强免疫力 当日订单隔日发货/周日及节假日均不发货/周六订单周一发货', '0.5g*30粒*3', '广东仙乐制药有限公司', '4895.00', '15', '552', '15', '2018-12-24 09:34:02');
INSERT INTO `data_j1` VALUES ('36', 'img/21263.jpg', 'DF 麦金利 鱼油软胶囊 1g/粒*100粒*3瓶套餐', '当日订单隔日发货/周日及节假日均不发货/周五、周六订单周一发货', '1g/粒*100粒*3瓶', '杭州慧致源科技有限公司', '4896.00', '16', '553', '16', '2018-12-24 09:34:02');
INSERT INTO `data_j1` VALUES ('37', 'img/23285.jpg', '神象 精装西洋参片 双盒装50克+5g', '补气养阴，清热生津。', '双盒装50g+5g（神象）', '上海雷允上药业有限公司', '4897.00', '17', '554', '17', '2018-12-24 09:34:02');
INSERT INTO `data_j1` VALUES ('38', 'img/23817.jpg', '同仁堂 红参 切片130g', '大补元气，复脉固脱，益气摄血', '130g', '北京同仁堂吉林人参有限责任公司', '4898.00', '18', '555', '18', '2018-12-24 09:34:02');
INSERT INTO `data_j1` VALUES ('39', 'img/A3300167.jpg', '云南盘龙 三七粉200g/瓶', '散瘀止血，消肿定痛。用于咯血，吐血，衄血，便血，崩漏，外伤出血，胸腹刺痛，跌扑肿痛。', '200g/瓶', '云南盘龙云海药业有限公司', '4899.00', '19', '556', '19', '2018-12-24 09:34:02');
INSERT INTO `data_j1` VALUES ('40', 'img/A3300321.jpg', '铭德堂 冬虫夏草 T27(10g)', '铭德堂 冬虫夏草 T27(10g)', 'T27(10g)', '上海虹桥中药饮片有限公司', '4900.00', '20', '557', '20', '2018-12-24 09:34:02');
INSERT INTO `data_j1` VALUES ('41', 'img/A3300321.jpg', '铭德堂 冬虫夏草 T27(10g)', '铭德堂 冬虫夏草 T27(10g)', 'T27(10g)', '上海虹桥中药饮片有限公司', '4900.00', '20', '557', '20', '2018-12-25 11:20:23');
INSERT INTO `data_j1` VALUES ('42', 'img/10208.jpg', '汤臣倍健 雄纠纠 益康胶囊', '缓解体力疲劳', '90粒', '广东汤臣倍健生物科技股份有限公司', '4889.00', '9', '546', '9', '2018-12-24 09:34:02');
INSERT INTO `data_j1` VALUES ('43', 'img/03-00737.jpg', '汤臣倍健 清好 清畅胶囊', '改善胃肠道功能（润肠通便）', '60粒', '广东汤臣倍健生物科技股份有限公司', '4886.00', '6', '543', '6', '2018-12-24 09:34:02');
INSERT INTO `data_j1` VALUES ('44', 'img/18801.jpg', 'DF 康比特 健肌粉二代固体饮料2.27kg', '巧克力或香草口味随机发放，指定口味在备注写明！当日订单隔日发/周日及节假日均不发货/周五、周六订单周一发货\n康比特品牌满100送摇摇杯和阿迪达斯便携洗发露', '2.27kg', '北京康比特体育科技股份有限公司', '4892.00', '12', '549', '12', '2018-12-24 09:34:02');
INSERT INTO `data_j1` VALUES ('45', 'img/03-00737.jpg', '汤臣倍健 清好 清畅胶囊', '改善胃肠道功能（润肠通便）', '60粒', '广东汤臣倍健生物科技股份有限公司', '4886.00', '6', '543', '6', '2018-12-24 09:34:02');
INSERT INTO `data_j1` VALUES ('46', 'img/17809.jpg', '拉摩力拉 玛卡片组合装 60片 两瓶组', '缓解体力疲劳', '60片*2', '赫塞尔公司', '4891.00', '11', '548', '11', '2018-12-25 11:18:14');
INSERT INTO `data_j1` VALUES ('47', 'img/03-00020.jpg', '汤臣倍健 蛋白粉（蛋白质粉）450g 蛋白粉', '增强免疫力 更关心家人', '450G', '汤臣倍健股份有限公司', '398.00', '461', '4725', '97', '2018-12-24 09:34:02');
INSERT INTO `data_j1` VALUES ('48', 'img/03-00481.jpg', '脑白金 胶囊/口服液(礼盒)0.25g*30s+250ml*3瓶 脑白金胶囊/口服液(礼盒)', '精美包装 高档 大气 送礼上档次', '0.25g*30s+250ml*3瓶', '无锡健特药业有限公司', '388.00', '975', '57946', '99', '2018-12-24 09:34:02');
INSERT INTO `data_j1` VALUES ('49', 'img/03-00663.jpg', 'DF 碧生源 维生素C咀嚼片（香橙味） 1.2g/片*100片', '当日订单隔日发货/周日及节假日均不发货/周五、周六订单周一发货\n送碧生源水杯1个', '1.2g/片*100片', '北京品茶在线电子商务有限公司', '4884.00', '4', '541', '4', '2018-12-24 09:34:02');
INSERT INTO `data_j1` VALUES ('50', 'img/19275.jpg', '汤臣倍健 鱼油软胶囊100粒+汤臣倍健大豆磷脂软胶囊100粒 鱼油软胶囊', '进口原料 鱼油卵磷脂组合 辅助降血脂', '100粒装*2', '广东汤臣倍健生物科技股份有限公司', '159.00', '200', '1749', '99', '2018-12-24 09:34:02');

-- ----------------------------
-- Table structure for usermessage
-- ----------------------------
DROP TABLE IF EXISTS `usermessage`;
CREATE TABLE `usermessage` (
  `id` int(11) unsigned NOT NULL AUTO_INCREMENT,
  `user` varchar(255) NOT NULL,
  `pwd` varchar(255) NOT NULL,
  `settime` timestamp NOT NULL DEFAULT CURRENT_TIMESTAMP ON UPDATE CURRENT_TIMESTAMP,
  PRIMARY KEY (`id`)
) ENGINE=MyISAM AUTO_INCREMENT=15 DEFAULT CHARSET=utf8;

-- ----------------------------
-- Records of usermessage
-- ----------------------------
INSERT INTO `usermessage` VALUES ('14', 'sima@163.com', '123456', '2018-12-29 10:53:26');
INSERT INTO `usermessage` VALUES ('2', '13794337689', '123567', '2018-12-25 18:59:05');
INSERT INTO `usermessage` VALUES ('5', '15899979530', '123456', '2018-12-25 20:23:22');
INSERT INTO `usermessage` VALUES ('6', 'zhangsan@163.com', '123456', '2018-12-25 20:31:58');
INSERT INTO `usermessage` VALUES ('7', '12334444444444', '123456', '2018-12-25 20:34:35');
INSERT INTO `usermessage` VALUES ('8', 'simachaoyong@163.com', '123456', '2018-12-25 20:40:07');
INSERT INTO `usermessage` VALUES ('9', 'guanyu@163.com', '123dfg', '2018-12-25 22:02:17');
INSERT INTO `usermessage` VALUES ('10', 'zhangsanfeng@163.com', '593888903', '2018-12-29 09:50:11');
INSERT INTO `usermessage` VALUES ('12', 'lifeng@163.com', '123456', '2018-12-29 10:34:18');
INSERT INTO `usermessage` VALUES ('13', 'fengxian@163.com', '123456', '2018-12-29 10:43:28');
SET FOREIGN_KEY_CHECKS=1;
